{"bound_size": 100, "expired_time": 10, "full_algorithm_time": 5.878834962844849, "count": 15, "robot_step": [306, 303, 312, 307, 319, 172, 187, 198, 199, 216], "completion_time": 44.74142003059387}