{"bound_size": 600, "expired_time": 110, "full_algorithm_time": 1.3826024532318115, "count": 24, "robot_step": [242, 238, 250, 235, 268, 234, 254, 262, 190, 0], "completion_time": 50.3343243598938}