{"bound_size": 500, "expired_time": 10, "full_algorithm_time": 1.5021262168884277, "count": 24, "robot_step": [263, 323, 262, 222, 316, 269, 275, 262, 186, 0], "completion_time": 50.404470443725586}