{"bound_size": 200, "expired_time": 70, "full_algorithm_time": 1.4875004291534424, "count": 24, "robot_step": [247, 281, 274, 210, 271, 232, 309, 246, 188, 0], "completion_time": 52.46379256248474}