{"bound_size": 400, "expired_time": 130, "full_algorithm_time": 1.8686413764953613, "count": 24, "robot_step": [237, 284, 269, 241, 254, 245, 257, 300, 180, 0], "completion_time": 55.01112985610962}