{"bound_size": 100, "expired_time": 10, "full_algorithm_time": 4.272553443908691, "count": 22, "robot_step": [428, 532, 285, 263, 286, 164, 204, 195, 134, 281], "completion_time": 64.62353110313416}