{"bound_size": 200, "expired_time": 110, "full_algorithm_time": 1.4003777503967285, "count": 24, "robot_step": [255, 252, 268, 209, 268, 236, 272, 262, 182, 0], "completion_time": 50.413270711898804}