{"bound_size": 100, "expired_time": 130, "full_algorithm_time": 1.9537842273712158, "count": 18, "robot_step": [243, 258, 249, 241, 212, 349, 225, 205, 149, 151], "completion_time": 170.1841220855713}