{"bound_size": 400, "expired_time": 30, "full_algorithm_time": 1.3635993003845215, "count": 24, "robot_step": [237, 262, 250, 228, 291, 226, 281, 285, 180, 0], "completion_time": 53.48231863975525}