{"bound_size": 400, "expired_time": 190, "full_algorithm_time": 1.4704813957214355, "count": 24, "robot_step": [279, 285, 309, 224, 244, 254, 288, 303, 184, 0], "completion_time": 55.6148796081543}