{"bound_size": 600, "expired_time": 50, "full_algorithm_time": 1.4154796600341797, "count": 24, "robot_step": [245, 260, 291, 264, 287, 264, 264, 267, 188, 0], "completion_time": 51.494484424591064}