{"bound_size": 600, "expired_time": 170, "full_algorithm_time": 1.6152598857879639, "count": 24, "robot_step": [275, 274, 264, 209, 264, 264, 288, 248, 194, 0], "completion_time": 50.59389901161194}