{"bound_size": 300, "expired_time": 130, "full_algorithm_time": 1.3751623630523682, "count": 24, "robot_step": [429, 262, 240, 227, 262, 249, 286, 263, 0, 0], "completion_time": 51.40021896362305}