{"bound_size": 100, "expired_time": 170, "full_algorithm_time": 3.7582199573516846, "count": 20, "robot_step": [267, 250, 249, 382, 258, 265, 366, 318, 146, 104], "completion_time": 215.92711758613586}