{"bound_size": 200, "expired_time": 10, "full_algorithm_time": 1.345452070236206, "count": 24, "robot_step": [245, 251, 248, 216, 282, 275, 257, 273, 186, 0], "completion_time": 52.385379791259766}