{"bound_size": 400, "expired_time": 170, "full_algorithm_time": 1.3178532123565674, "count": 24, "robot_step": [248, 241, 264, 225, 278, 249, 277, 269, 186, 0], "completion_time": 51.380687952041626}