{"bound_size": 500, "expired_time": 50, "full_algorithm_time": 1.5338084697723389, "count": 24, "robot_step": [237, 275, 257, 233, 270, 259, 251, 265, 186, 0], "completion_time": 51.55452561378479}