{"bound_size": 300, "expired_time": 170, "full_algorithm_time": 1.4635696411132812, "count": 24, "robot_step": [284, 261, 262, 273, 260, 257, 281, 258, 188, 0], "completion_time": 50.57685089111328}