{"bound_size": 700, "expired_time": 190, "full_algorithm_time": 1.530311107635498, "count": 24, "robot_step": [249, 266, 293, 199, 236, 234, 265, 249, 182, 0], "completion_time": 49.47560691833496}