{"bound_size": 400, "expired_time": 90, "full_algorithm_time": 1.2922112941741943, "count": 24, "robot_step": [269, 290, 294, 247, 250, 252, 257, 255, 188, 0], "completion_time": 50.37394142150879}