{"bound_size": 400, "expired_time": 70, "full_algorithm_time": 1.365941047668457, "count": 24, "robot_step": [279, 258, 291, 249, 274, 243, 273, 253, 182, 0], "completion_time": 49.47527742385864}