{"bound_size": 200, "expired_time": 190, "full_algorithm_time": 1.7996389865875244, "count": 24, "robot_step": [243, 267, 294, 224, 269, 247, 303, 310, 180, 0], "completion_time": 55.93835520744324}