{"bound_size": 600, "expired_time": 150, "full_algorithm_time": 1.3517262935638428, "count": 24, "robot_step": [233, 279, 260, 241, 242, 252, 282, 249, 196, 0], "completion_time": 49.39436483383179}