{"bound_size": 700, "expired_time": 130, "full_algorithm_time": 1.4298534393310547, "count": 24, "robot_step": [250, 266, 275, 225, 252, 276, 277, 245, 180, 0], "completion_time": 49.333553075790405}