{"bound_size": 600, "expired_time": 30, "full_algorithm_time": 1.4225969314575195, "count": 24, "robot_step": [238, 305, 287, 277, 280, 266, 286, 241, 186, 0], "completion_time": 50.44305229187012}