{"bound_size": 200, "expired_time": 50, "full_algorithm_time": 1.4614288806915283, "count": 24, "robot_step": [235, 274, 268, 254, 304, 234, 274, 235, 198, 0], "completion_time": 49.42730760574341}