{"bound_size": 300, "expired_time": 110, "full_algorithm_time": 1.3168542385101318, "count": 24, "robot_step": [249, 251, 268, 225, 274, 275, 269, 249, 180, 0], "completion_time": 49.4582314491272}