{"bound_size": 100, "expired_time": 90, "full_algorithm_time": 3.7644197940826416, "count": 20, "robot_step": [243, 252, 280, 431, 265, 241, 386, 272, 146, 104], "completion_time": 137.69461107254028}