{"bound_size": 500, "expired_time": 30, "full_algorithm_time": 1.4442603588104248, "count": 24, "robot_step": [264, 291, 294, 233, 264, 238, 296, 305, 184, 0], "completion_time": 55.55918741226196}