{"bound_size": 300, "expired_time": 10, "full_algorithm_time": 1.4186410903930664, "count": 24, "robot_step": [423, 266, 266, 219, 271, 249, 297, 245, 0, 0], "completion_time": 51.474019050598145}