{"bound_size": 400, "expired_time": 50, "full_algorithm_time": 1.376945972442627, "count": 24, "robot_step": [265, 292, 259, 275, 276, 256, 271, 262, 180, 0], "completion_time": 50.41102719306946}