{"bound_size": 100, "expired_time": 110, "full_algorithm_time": 3.8137078285217285, "count": 20, "robot_step": [243, 260, 243, 374, 250, 239, 372, 318, 146, 104], "completion_time": 155.95595169067383}