{"bound_size": 400, "expired_time": 110, "full_algorithm_time": 1.3539013862609863, "count": 24, "robot_step": [431, 277, 244, 229, 273, 264, 257, 267, 0, 0], "completion_time": 51.42595314979553}