{"bound_size": 100, "expired_time": 70, "full_algorithm_time": 3.7050163745880127, "count": 20, "robot_step": [256, 252, 243, 245, 256, 367, 380, 318, 146, 104], "completion_time": 115.90939974784851}