{"bound_size": 200, "expired_time": 170, "full_algorithm_time": 1.5291526317596436, "count": 24, "robot_step": [430, 242, 234, 229, 285, 251, 274, 265, 0, 0], "completion_time": 51.58350896835327}