{"bound_size": 600, "expired_time": 130, "full_algorithm_time": 1.3108887672424316, "count": 24, "robot_step": [243, 281, 238, 241, 260, 256, 290, 243, 196, 0], "completion_time": 50.354880809783936}