{"bound_size": 600, "expired_time": 70, "full_algorithm_time": 1.6648750305175781, "count": 24, "robot_step": [251, 294, 250, 233, 300, 238, 277, 267, 190, 0], "completion_time": 51.73180532455444}