{"bound_size": 300, "expired_time": 50, "full_algorithm_time": 1.40165114402771, "count": 24, "robot_step": [425, 260, 295, 215, 244, 232, 272, 245, 0, 0], "completion_time": 49.422733783721924}