{"bound_size": 200, "expired_time": 150, "full_algorithm_time": 1.314835786819458, "count": 24, "robot_step": [249, 257, 224, 264, 264, 250, 251, 279, 188, 0], "completion_time": 52.48085570335388}