{"bound_size": 100, "expired_time": 190, "full_algorithm_time": 3.7295703887939453, "count": 20, "robot_step": [268, 252, 241, 255, 255, 420, 376, 272, 146, 104], "completion_time": 235.23723363876343}