{"bound_size": 300, "expired_time": 90, "full_algorithm_time": 1.313835859298706, "count": 24, "robot_step": [262, 274, 268, 251, 238, 260, 300, 303, 180, 0], "completion_time": 55.515469789505005}