{"bound_size": 700, "expired_time": 10, "full_algorithm_time": 1.423490047454834, "count": 24, "robot_step": [249, 263, 283, 243, 265, 231, 271, 273, 180, 0], "completion_time": 51.467625856399536}