{"bound_size": 500, "expired_time": 170, "full_algorithm_time": 1.382695198059082, "count": 24, "robot_step": [234, 276, 238, 250, 256, 244, 297, 271, 182, 0], "completion_time": 51.39314866065979}