{"bound_size": 500, "expired_time": 90, "full_algorithm_time": 1.3858485221862793, "count": 24, "robot_step": [239, 274, 288, 244, 244, 232, 283, 261, 184, 0], "completion_time": 50.33858513832092}