{"bound_size": 300, "expired_time": 70, "full_algorithm_time": 1.5661818981170654, "count": 24, "robot_step": [277, 266, 262, 268, 266, 247, 293, 267, 180, 0], "completion_time": 51.57237148284912}