{"bound_size": 500, "expired_time": 130, "full_algorithm_time": 1.9262678623199463, "count": 23, "robot_step": [252, 233, 254, 248, 292, 237, 261, 322, 182, 0], "completion_time": 58.11559438705444}