{"bound_size": 700, "expired_time": 70, "full_algorithm_time": 1.339747667312622, "count": 24, "robot_step": [262, 310, 234, 235, 270, 261, 276, 252, 186, 0], "completion_time": 49.31221652030945}