{"bound_size": 700, "expired_time": 30, "full_algorithm_time": 1.4683995246887207, "count": 24, "robot_step": [286, 288, 266, 235, 298, 265, 265, 273, 180, 0], "completion_time": 51.45951461791992}