{"bound_size": 600, "expired_time": 10, "full_algorithm_time": 1.7635550498962402, "count": 24, "robot_step": [241, 251, 284, 239, 259, 249, 285, 263, 180, 0], "completion_time": 51.862147092819214}