{"bound_size": 300, "expired_time": 190, "full_algorithm_time": 1.4146547317504883, "count": 24, "robot_step": [260, 245, 293, 243, 252, 242, 267, 259, 186, 0], "completion_time": 50.41118788719177}