{"bound_size": 100, "expired_time": 30, "full_algorithm_time": 3.866975784301758, "count": 20, "robot_step": [245, 252, 252, 434, 244, 247, 382, 272, 146, 104], "completion_time": 77.46168684959412}