{"bound_size": 500, "expired_time": 150, "full_algorithm_time": 1.3426990509033203, "count": 24, "robot_step": [424, 283, 243, 267, 258, 242, 282, 281, 0, 0], "completion_time": 52.339162826538086}