{"bound_size": 600, "expired_time": 190, "full_algorithm_time": 1.587158203125, "count": 24, "robot_step": [241, 269, 280, 253, 248, 238, 261, 263, 182, 0], "completion_time": 51.54358887672424}