{"bound_size": 700, "expired_time": 110, "full_algorithm_time": 1.5304913520812988, "count": 24, "robot_step": [245, 277, 280, 218, 246, 249, 276, 249, 188, 0], "completion_time": 49.50976586341858}