{"bound_size": 700, "expired_time": 170, "full_algorithm_time": 1.410830020904541, "count": 24, "robot_step": [247, 265, 281, 225, 248, 248, 272, 239, 184, 0], "completion_time": 48.46267747879028}