{"bound_size": 700, "expired_time": 50, "full_algorithm_time": 1.3647565841674805, "count": 24, "robot_step": [242, 250, 236, 240, 274, 295, 281, 243, 180, 0], "completion_time": 49.41598463058472}