{"bound_size": 800, "expired_time": 10, "full_algorithm_time": 1.3053133487701416, "count": 24, "robot_step": [239, 266, 258, 249, 255, 263, 267, 251, 182, 0], "completion_time": 49.384318113327026}