{"bound_size": 300, "expired_time": 30, "full_algorithm_time": 1.408724308013916, "count": 24, "robot_step": [257, 253, 246, 244, 286, 240, 274, 283, 184, 0], "completion_time": 53.47097563743591}