{"bound_size": 200, "expired_time": 130, "full_algorithm_time": 1.4215943813323975, "count": 24, "robot_step": [428, 244, 257, 233, 277, 227, 275, 313, 0, 0], "completion_time": 56.57829475402832}