{"bound_size": 400, "expired_time": 10, "full_algorithm_time": 2.3708548545837402, "count": 23, "robot_step": [245, 278, 263, 231, 262, 238, 283, 253, 180, 0], "completion_time": 50.39553880691528}