{"bound_size": 200, "expired_time": 30, "full_algorithm_time": 1.2780609130859375, "count": 24, "robot_step": [269, 224, 270, 252, 242, 245, 267, 307, 182, 0], "completion_time": 55.42102098464966}