{"bound_size": 100, "expired_time": 50, "full_algorithm_time": 3.420602798461914, "count": 20, "robot_step": [441, 253, 242, 246, 268, 253, 378, 272, 146, 104], "completion_time": 97.42848443984985}