{"bound_size": 700, "expired_time": 90, "full_algorithm_time": 1.465057373046875, "count": 24, "robot_step": [286, 278, 272, 237, 230, 248, 292, 241, 186, 0], "completion_time": 50.49147343635559}