{"bound_size": 100, "expired_time": 150, "full_algorithm_time": 3.600745677947998, "count": 20, "robot_step": [245, 266, 237, 241, 268, 404, 374, 272, 146, 104], "completion_time": 195.69459080696106}