{"bound_size": 200, "expired_time": 90, "full_algorithm_time": 1.4486057758331299, "count": 24, "robot_step": [261, 249, 288, 203, 304, 230, 280, 291, 180, 0], "completion_time": 53.46979856491089}