{"bound_size": 300, "expired_time": 150, "full_algorithm_time": 1.4216108322143555, "count": 24, "robot_step": [248, 300, 290, 213, 286, 279, 279, 301, 186, 0], "completion_time": 54.52014636993408}