{"bound_size": 600, "expired_time": 90, "full_algorithm_time": 1.5163509845733643, "count": 24, "robot_step": [258, 293, 276, 261, 263, 245, 270, 259, 188, 0], "completion_time": 50.48526644706726}