{"bound_size": 400, "expired_time": 150, "full_algorithm_time": 1.2888405323028564, "count": 24, "robot_step": [426, 282, 274, 225, 288, 274, 295, 243, 0, 0], "completion_time": 51.46680212020874}