{"bound_size": 700, "expired_time": 150, "full_algorithm_time": 1.964085578918457, "count": 24, "robot_step": [253, 245, 260, 221, 246, 263, 282, 255, 188, 0], "completion_time": 50.895923137664795}