{"bound_size": 500, "expired_time": 70, "full_algorithm_time": 1.4113450050354004, "count": 24, "robot_step": [242, 307, 250, 244, 286, 250, 280, 271, 180, 0], "completion_time": 51.57134675979614}