{"bound_size": 500, "expired_time": 190, "full_algorithm_time": 1.4096217155456543, "count": 24, "robot_step": [268, 269, 272, 225, 279, 260, 277, 237, 180, 0], "completion_time": 49.402040243148804}