{"bound_size": 500, "expired_time": 110, "full_algorithm_time": 1.3570160865783691, "count": 24, "robot_step": [232, 279, 256, 221, 272, 248, 283, 259, 194, 0], "completion_time": 50.34543776512146}